code,name_en,name_ta,unit,price,aliases
P001,Sugar,சர்க்கரை,KG,48,"sakkarai, chakkarai, cheeni"
P002,Rice (Ponni),பொன்னி அரிசி,KG,58,"arisi, ponni, rice"
P003,Raw Rice,பச்சரிசி,KG,52,"pacharisi, pacha arisi"
P004,Idli Rice,இட்லி அரிசி,KG,46,idli arisi
P005,Basmati Rice,பாஸ்மதி அரிசி,KG,120,basmathi
P006,Wheat Flour (Atta),கோதுமை மாவு,KG,44,"atta, godhumai maavu, wheat"
P007,Maida,மைதா,KG,42,maida maavu
P008,Rava (Sooji),ரவை,KG,46,"ravai, sooji, semolina"
P009,Rice Flour,அரிசி மாவு,KG,50,arisi maavu
P010,Besan (Gram Flour),கடலை மாவு,KG,95,"kadalai maavu, besan"
P011,Toor Dal,துவரம் பருப்பு,KG,150,"thuvaram paruppu, tur dal, arhar"
P012,Urad Dal,உளுத்தம் பருப்பு,KG,130,"ulundhu, ulutham paruppu, urad"
P013,Moong Dal,பாசிப் பருப்பு,KG,125,"pasi paruppu, mung dal"
P014,Chana Dal,கடலைப் பருப்பு,KG,90,kadalai paruppu
P015,Bengal Gram (Kondakadalai),கொண்டைக்கடலை,KG,110,"kondakadalai, chickpea, channa"
P016,Green Gram (Payaru),பச்சை பயறு,KG,115,"payaru, whole moong"
P017,Peanut,நிலக்கடலை,KG,140,"verkadalai, groundnut, kadalai"
P018,Sunflower Oil 1L,சூரியகாந்தி எண்ணெய்,LTR,165,"oil, ennai, sunflower"
P019,Gingelly Oil 500ml,நல்லெண்ணெய்,PCS,220,"nallennai, sesame oil"
P020,Coconut Oil 500ml,தேங்காய் எண்ணெய்,PCS,160,thengai ennai
P021,Groundnut Oil 1L,கடலை எண்ணெய்,LTR,210,kadalai ennai
P022,Ghee 200g,நெய்,PCS,140,"nei, ghee"
P023,Salt 1kg,உப்பு,PKT,22,"uppu, salt"
P024,Tamarind,புளி,KG,180,puli
P025,Jaggery,வெல்லம்,KG,70,vellam
P026,Turmeric Powder 100g,மஞ்சள் தூள்,PKT,35,"manjal, manjal thool, haldi"
P027,Chilli Powder 100g,மிளகாய் தூள்,PKT,40,"milagai thool, chili powder"
P028,Coriander Powder 100g,மல்லி தூள்,PKT,32,"malli thool, dhania powder"
P029,Sambar Powder 100g,சாம்பார் பொடி,PKT,45,sambar podi
P030,Rasam Powder 100g,ரசம் பொடி,PKT,42,rasam podi
P031,Garam Masala 50g,கரம் மசாலா,PKT,48,masala
P032,Pepper,மிளகு,KG,750,milagu
P033,Cumin (Jeera),சீரகம்,KG,420,"seeragam, jeera"
P034,Mustard,கடுகு,KG,110,kadugu
P035,Fenugreek (Venthayam),வெந்தயம்,KG,120,"venthayam, methi"
P036,Dry Red Chilli,வர மிளகாய்,KG,260,"vara milagai, red chilli"
P037,Coriander Seeds (Malli),மல்லி,KG,150,"malli, dhania"
P038,Cardamom 50g,ஏலக்காய்,PKT,150,"elakkai, elaichi"
P039,Cloves 50g,கிராம்பு,PKT,90,"kirambu, laung"
P040,Cinnamon 50g,பட்டை,PKT,60,"pattai, dalchini"
P041,Tea Powder 250g,டீ தூள்,PKT,110,"tea, chai, theneer"
P042,Coffee Powder 200g,காபி தூள்,PKT,130,"coffee, kaapi"
P043,Milk 500ml,பால்,PKT,30,"paal, milk packet"
P044,Curd 500g,தயிர்,PKT,32,"thayir, curd, yogurt"
P045,Butter 100g,வெண்ணெய்,PKT,60,"vennai, butter"
P046,Paneer 200g,பன்னீர்,PKT,90,paneer
P047,Eggs (1),முட்டை,PCS,7,"muttai, egg"
P048,Bread,ரொட்டி,PKT,40,"bread, pav"
P049,Biscuit (Marie),பிஸ்கட்,PKT,20,"biscuit, marie"
P050,Biscuit (Cream),கிரீம் பிஸ்கட்,PKT,30,cream biscuit
P051,Rusk,ரஸ்க்,PKT,35,rusk
P052,Noodles (Maggi),நூடுல்ஸ்,PKT,14,"maggi, noodles"
P053,Vermicelli,சேமியா,PKT,25,"semiya, vermicelli"
P054,Poha (Aval),அவல்,KG,70,"aval, poha"
P055,Sago (Javvarisi),ஜவ்வரிசி,KG,90,"javvarisi, sabudana"
P056,Oats 500g,ஓட்ஸ்,PKT,95,oats
P057,Corn Flakes 250g,கார்ன் ஃபிளேக்ஸ்,PKT,85,cornflakes
P058,Onion,வெங்காயம்,KG,35,"vengayam, onion, ullipaya"
P059,Small Onion (Sambar),சின்ன வெங்காயம்,KG,90,"chinna vengayam, shallots"
P060,Tomato,தக்காளி,KG,30,"thakkali, tomato"
P061,Potato,உருளைக்கிழங்கு,KG,40,"urulai, urulaikizhangu, aloo"
P062,Carrot,கேரட்,KG,50,carrot
P063,Beans,பீன்ஸ்,KG,60,beans
P064,Brinjal,கத்திரிக்காய்,KG,45,"kathirikai, brinjal, eggplant"
P065,Ladies Finger,வெண்டைக்காய்,KG,50,"vendakkai, okra, bhindi"
P066,Garlic,பூண்டு,KG,220,"poondu, garlic"
P067,Ginger,இஞ்சி,KG,120,"inji, ginger"
P068,Green Chilli,பச்சை மிளகாய்,KG,60,pachai milagai
P069,Coconut,தேங்காய்,PCS,28,"thengai, coconut"
P070,Lemon,எலுமிச்சை,PCS,5,"elumichai, lemon, limbu"
P071,Banana (Robusta),வாழைப்பழம்,KG,45,"vazhaipazham, banana"
P072,Apple,ஆப்பிள்,KG,180,"apple, sevu"
P073,Orange,ஆரஞ்சு,KG,90,orange
P074,Bath Soap (Lux),லக்ஸ் சோப்பு,PCS,38,"lux, kulikum soap"
P075,Bath Soap (Santoor),சந்தூர் சோப்பு,PCS,36,santoor
P076,Washing Soap Bar,துவை சோப்பு,PCS,20,"thuvai soap, washing soap"
P077,Detergent Powder 1kg,சலவை தூள்,PKT,110,"surf, detergent, washing powder"
P078,Dish Wash Liquid 500ml,பாத்திரம் கழுவும் திரவம்,PCS,95,"vim, dishwash"
P079,Shampoo Sachet,ஷாம்பூ,PCS,2,"shampoo, sachet"
P080,Toothpaste 100g,பற்பசை,PCS,65,"paste, toothpaste, colgate"
P081,Toothbrush,பல் துலக்கி,PCS,25,"brush, toothbrush"
P082,Hair Oil 100ml,தலை எண்ணெய்,PCS,55,"hair oil, thalai ennai"
P083,Talcum Powder 100g,பவுடர்,PCS,70,"talc, talcum"
P084,Phenyl 500ml,பீனால்,PCS,60,"phenyl, floor cleaner"
P085,Toilet Cleaner 500ml,கழிப்பறை கிளீனர்,PCS,85,"harpic, toilet cleaner"
P086,Candle (Pack),மெழுகுவர்த்தி,PKT,20,"candle, mezhugu"
P087,Matchbox,தீப்பெட்டி,PCS,2,"theepetti, match box"
P088,Camphor,கற்பூரம்,PKT,15,"karpooram, camphor"
P089,Agarbathi,ஊதுபத்தி,PKT,20,"udhubathi, incense, agarbatti"
P090,Pen (Ball),பேனா,PCS,10,"pen, pena"
P091,Notebook,நோட்டு புத்தகம்,PCS,40,"notebook, note book"
P092,Pencil,பென்சில்,PCS,5,pencil
P093,Eraser,அழிப்பான்,PCS,3,"eraser, rubber"
P094,Mineral Water 1L,தண்ணீர் பாட்டில்,PCS,20,"water, thanneer, water bottle"
P095,Soft Drink 600ml,குளிர்பானம்,PCS,40,"cool drink, soft drink, cola"
P096,Soda,சோடா,PCS,15,soda
P097,Chips Packet,சிப்ஸ்,PKT,20,"chips, wafers"
P098,Murukku 200g,முறுக்கு,PKT,40,murukku
P099,Mixture 200g,மிக்சர்,PKT,45,mixture
P100,Chocolate Bar,சாக்லேட்,PCS,10,"chocolate, choco"
P101,Candy (Pack),மிட்டாய்,PKT,10,"mittai, candy, toffee"
P102,Pickle 200g,ஊறுகாய்,PCS,55,"oorugai, pickle, achar"
P103,Papad,அப்பளம்,PKT,30,"appalam, papad"